month,unemployment,inflation,misery,president
1953-01,2.9,0.38,3.28,eisenhower
1953-02,2.6,0.76,3.36,eisenhower
1953-03,2.6,1.14,3.74,eisenhower
1953-04,2.7,0.76,3.46,eisenhower
1953-05,2.5,1.14,3.64,eisenhower
1953-06,2.5,1.13,3.63,eisenhower
1953-07,2.6,0.37,2.97,eisenhower
1953-08,2.7,0.75,3.45,eisenhower
1953-09,2.9,0.75,3.65,eisenhower
1953-10,3.1,1.12,4.22,eisenhower
1953-11,3.5,0.75,4.25,eisenhower
1953-12,4.5,0.75,5.25,eisenhower
1954-01,4.9,1.13,6.03,eisenhower
1954-02,5.2,1.51,6.71,eisenhower
1954-03,5.7,1.13,6.83,eisenhower
1954-04,5.9,0.75,6.65,eisenhower
1954-05,5.9,0.75,6.65,eisenhower
1954-06,5.6,0.37,5.97,eisenhower
1954-07,5.8,0.37,6.17,eisenhower
1954-08,6,0,6,eisenhower
1954-09,6.1,-0.37,5.73,eisenhower
1954-10,5.7,-0.74,4.96,eisenhower
1954-11,5.3,-0.37,4.93,eisenhower
1954-12,5,-0.74,4.26,eisenhower
1955-01,4.9,-0.74,4.16,eisenhower
1955-02,4.7,-0.74,3.96,eisenhower
1955-03,4.6,-0.74,3.86,eisenhower
1955-04,4.7,-0.37,4.33,eisenhower
1955-05,4.3,-0.74,3.56,eisenhower
1955-06,4.2,-0.74,3.46,eisenhower
1955-07,4,-0.37,3.63,eisenhower
1955-08,4.2,-0.37,3.83,eisenhower
1955-09,4.1,0.37,4.47,eisenhower
1955-10,4.3,0.37,4.67,eisenhower
1955-11,4.2,0.37,4.57,eisenhower
1955-12,4.2,0.37,4.57,eisenhower
1956-01,4,0.37,4.37,eisenhower
1956-02,3.9,0.37,4.27,eisenhower
1956-03,4.2,0.37,4.57,eisenhower
1956-04,4,0.75,4.75,eisenhower
1956-05,4.3,1.12,5.42,eisenhower
1956-06,4.3,1.87,6.17,eisenhower
1956-07,4.4,2.24,6.64,eisenhower
1956-08,4.1,1.87,5.97,eisenhower
1956-09,3.9,1.86,5.76,eisenhower
1956-10,3.9,2.23,6.13,eisenhower
1956-11,4.3,2.23,6.53,eisenhower
1956-12,4.2,2.99,7.19,eisenhower
1957-01,4.2,2.99,7.19,eisenhower
1957-02,3.9,3.36,7.26,eisenhower
1957-03,3.7,3.73,7.43,eisenhower
1957-04,3.9,3.72,7.62,eisenhower
1957-05,4.1,3.7,7.8,eisenhower
1957-06,4.3,3.31,7.61,eisenhower
1957-07,4.2,3.28,7.48,eisenhower
1957-08,4.1,3.66,7.76,eisenhower
1957-09,4.4,3.28,7.68,eisenhower
1957-10,4.5,2.91,7.41,eisenhower
1957-11,5.1,3.27,8.37,eisenhower
1957-12,5.2,2.9,8.1,eisenhower
1958-01,5.8,3.62,9.42,eisenhower
1958-02,6.4,3.25,9.65,eisenhower
1958-03,6.7,3.6,10.3,eisenhower
1958-04,7.4,3.58,10.98,eisenhower
1958-05,7.4,3.21,10.61,eisenhower
1958-06,7.3,2.85,10.15,eisenhower
1958-07,7.5,2.47,9.97,eisenhower
1958-08,7.4,2.12,9.52,eisenhower
1958-09,7.1,2.12,9.22,eisenhower
1958-10,6.7,2.12,8.82,eisenhower
1958-11,6.2,2.11,8.31,eisenhower
1958-12,6.2,1.76,7.96,eisenhower
1959-01,6,1.4,7.4,eisenhower
1959-02,5.9,1.05,6.95,eisenhower
1959-03,5.6,0.35,5.95,eisenhower
1959-04,5.2,0.35,5.55,eisenhower
1959-05,5.1,0.35,5.45,eisenhower
1959-06,5,0.69,5.69,eisenhower
1959-07,5.1,0.69,5.79,eisenhower
1959-08,5.2,1.04,6.24,eisenhower
1959-09,5.5,1.38,6.88,eisenhower
1959-10,5.7,1.73,7.43,eisenhower
1959-11,5.8,1.38,7.18,eisenhower
1959-12,5.3,1.73,7.03,eisenhower
1960-01,5.2,1.03,6.23,eisenhower
1960-02,4.8,1.73,6.53,eisenhower
1960-03,5.4,1.73,7.13,eisenhower
1960-04,5.2,1.72,6.92,eisenhower
1960-05,5.1,1.72,6.82,eisenhower
1960-06,5.4,1.72,7.12,eisenhower
1960-07,5.5,1.37,6.87,eisenhower
1960-08,5.6,1.37,6.97,eisenhower
1960-09,5.5,1.02,6.52,eisenhower
1960-10,6.1,1.36,7.46,eisenhower
1960-11,6.1,1.36,7.46,eisenhower
1960-12,6.6,1.36,7.96,eisenhower
1961-01,6.6,1.71,8.31,kennedy
1961-02,6.9,1.36,8.26,kennedy
1961-03,6.9,1.36,8.26,kennedy
1961-04,7,1.02,8.02,kennedy
1961-05,7.1,1.02,8.12,kennedy
1961-06,6.9,0.68,7.58,kennedy
1961-07,7,1.35,8.35,kennedy
1961-08,6.6,1.01,7.61,kennedy
1961-09,6.7,1.35,8.05,kennedy
1961-10,6.5,0.67,7.17,kennedy
1961-11,6.1,0.67,6.77,kennedy
1961-12,6,0.67,6.67,kennedy
1962-01,5.8,0.67,6.47,kennedy
1962-02,5.5,1.01,6.51,kennedy
1962-03,5.6,1.01,6.61,kennedy
1962-04,5.6,1.34,6.94,kennedy
1962-05,5.5,1.34,6.84,kennedy
1962-06,5.5,1.34,6.84,kennedy
1962-07,5.4,1,6.4,kennedy
1962-08,5.7,1.34,7.04,kennedy
1962-09,5.6,1.33,6.93,kennedy
1962-10,5.4,1.33,6.73,kennedy
1962-11,5.7,1.33,7.03,kennedy
1962-12,5.5,1.33,6.83,kennedy
1963-01,5.7,1.33,7.03,kennedy
1963-02,5.9,1,6.9,kennedy
1963-03,5.7,1.33,7.03,kennedy
1963-04,5.7,0.99,6.69,kennedy
1963-05,5.9,0.99,6.89,kennedy
1963-06,5.6,1.32,6.92,kennedy
1963-07,5.6,1.32,6.92,kennedy
1963-08,5.4,1.32,6.72,kennedy
1963-09,5.5,0.99,6.49,kennedy
1963-10,5.5,1.32,6.82,kennedy
1963-11,5.7,1.32,7.02,johnson
1963-12,5.5,1.64,7.14,johnson
1964-01,5.6,1.64,7.24,johnson
1964-02,5.4,1.64,7.04,johnson
1964-03,5.4,1.31,6.71,johnson
1964-04,5.3,1.31,6.61,johnson
1964-05,5.1,1.31,6.41,johnson
1964-06,5.2,1.31,6.51,johnson
1964-07,4.9,1.3,6.2,johnson
1964-08,5,0.98,5.98,johnson
1964-09,5.1,1.3,6.4,johnson
1964-10,5.1,0.97,6.07,johnson
1964-11,4.8,1.3,6.1,johnson
1964-12,5,0.97,5.97,johnson
1965-01,4.9,0.97,5.87,johnson
1965-02,5.1,0.97,6.07,johnson
1965-03,4.7,1.29,5.99,johnson
1965-04,4.8,1.62,6.42,johnson
1965-05,4.6,1.62,6.22,johnson
1965-06,4.6,1.94,6.54,johnson
1965-07,4.4,1.61,6.01,johnson
1965-08,4.4,1.94,6.34,johnson
1965-09,4.3,1.61,5.91,johnson
1965-10,4.2,1.93,6.13,johnson
1965-11,4.1,1.6,5.7,johnson
1965-12,4,1.92,5.92,johnson
1966-01,4,1.92,5.92,johnson
1966-02,3.8,2.56,6.36,johnson
1966-03,3.8,2.56,6.36,johnson
1966-04,3.8,2.87,6.67,johnson
1966-05,3.9,2.87,6.77,johnson
1966-06,3.8,2.53,6.33,johnson
1966-07,3.8,2.85,6.65,johnson
1966-08,3.8,3.48,7.28,johnson
1966-09,3.7,3.48,7.18,johnson
1966-10,3.7,3.79,7.49,johnson
1966-11,3.6,3.79,7.39,johnson
1966-12,3.8,3.46,7.26,johnson
1967-01,3.9,3.46,7.36,johnson
1967-02,3.8,2.81,6.61,johnson
1967-03,3.8,2.8,6.6,johnson
1967-04,3.8,2.48,6.28,johnson
1967-05,3.8,2.79,6.59,johnson
1967-06,3.9,2.78,6.68,johnson
1967-07,3.8,2.77,6.57,johnson
1967-08,3.8,2.45,6.25,johnson
1967-09,3.8,2.75,6.55,johnson
1967-10,4,2.43,6.43,johnson
1967-11,3.9,2.74,6.64,johnson
1967-12,3.8,3.04,6.84,johnson
1968-01,3.7,3.65,7.35,johnson
1968-02,3.8,3.95,7.75,johnson
1968-03,3.7,3.94,7.64,johnson
1968-04,3.5,3.93,7.43,johnson
1968-05,3.5,3.92,7.42,johnson
1968-06,3.7,4.2,7.9,johnson
1968-07,3.7,4.49,8.19,johnson
1968-08,3.5,4.48,7.98,johnson
1968-09,3.4,4.46,7.86,johnson
1968-10,3.4,4.75,8.15,johnson
1968-11,3.4,4.73,8.13,johnson
1968-12,3.4,4.72,8.12,johnson
1969-01,3.4,4.4,7.8,nixon
1969-02,3.4,4.68,8.08,nixon
1969-03,3.4,5.25,8.65,nixon
1969-04,3.4,5.52,8.92,nixon
1969-05,3.4,5.51,8.91,nixon
1969-06,3.5,5.48,8.98,nixon
1969-07,3.5,5.44,8.94,nixon
1969-08,3.5,5.71,9.21,nixon
1969-09,3.7,5.7,9.4,nixon
1969-10,3.7,5.67,9.37,nixon
1969-11,3.5,5.93,9.43,nixon
1969-12,3.5,6.2,9.7,nixon
1970-01,3.9,6.18,10.08,nixon
1970-02,4.2,6.15,10.35,nixon
1970-03,4.4,5.82,10.22,nixon
1970-04,4.6,6.06,10.66,nixon
1970-05,4.8,6.04,10.84,nixon
1970-06,4.9,6.01,10.91,nixon
1970-07,5,5.98,10.98,nixon
1970-08,5.1,5.41,10.51,nixon
1970-09,5.4,5.66,11.06,nixon
1970-10,5.5,5.63,11.13,nixon
1970-11,5.9,5.6,11.5,nixon
1970-12,6.1,5.57,11.67,nixon
1971-01,5.9,5.29,11.19,nixon
1971-02,5.9,5,10.9,nixon
1971-03,6,4.71,10.71,nixon
1971-04,5.9,4.16,10.06,nixon
1971-05,5.9,4.4,10.3,nixon
1971-06,5.9,4.64,10.54,nixon
1971-07,6,4.36,10.36,nixon
1971-08,6.1,4.62,10.72,nixon
1971-09,6,4.08,10.08,nixon
1971-10,5.8,3.81,9.61,nixon
1971-11,6,3.28,9.28,nixon
1971-12,6,3.27,9.27,nixon
1972-01,5.8,3.27,9.07,nixon
1972-02,5.7,3.51,9.21,nixon
1972-03,5.8,3.5,9.3,nixon
1972-04,5.7,3.49,9.19,nixon
1972-05,5.7,3.23,8.93,nixon
1972-06,5.7,2.71,8.41,nixon
1972-07,5.6,2.95,8.55,nixon
1972-08,5.6,2.94,8.54,nixon
1972-09,5.5,3.19,8.69,nixon
1972-10,5.6,3.42,9.02,nixon
1972-11,5.3,3.67,8.97,nixon
1972-12,5.2,3.41,8.61,nixon
1973-01,4.9,3.65,8.55,nixon
1973-02,5,3.87,8.87,nixon
1973-03,4.9,4.59,9.49,nixon
1973-04,5,5.06,10.06,nixon
1973-05,4.9,5.53,10.43,nixon
1973-06,4.9,6,10.9,nixon
1973-07,4.8,5.73,10.53,nixon
1973-08,4.8,7.38,12.18,nixon
1973-09,4.8,7.36,12.16,nixon
1973-10,4.6,7.8,12.4,nixon
1973-11,4.8,8.25,13.05,nixon
1973-12,4.9,8.71,13.61,nixon
1974-01,5.1,9.39,14.49,nixon
1974-02,5.2,10.02,15.22,nixon
1974-03,5.1,10.39,15.49,nixon
1974-04,5.1,10.09,15.19,nixon
1974-05,5.1,10.71,15.81,nixon
1974-06,5.4,10.86,16.26,nixon
1974-07,5.5,11.51,17.01,nixon
1974-08,5.5,10.86,16.36,ford
1974-09,5.9,11.95,17.85,ford
1974-10,6,12.06,18.06,ford
1974-11,6.6,12.2,18.8,ford
1974-12,7.2,12.34,19.54,ford
1975-01,8.1,11.8,19.9,ford
1975-02,8.1,11.23,19.33,ford
1975-03,8.6,10.25,18.85,ford
1975-04,8.8,10.21,19.01,ford
1975-05,9,9.47,18.47,ford
1975-06,8.8,9.39,18.19,ford
1975-07,8.6,9.72,18.32,ford
1975-08,8.4,8.6,17,ford
1975-09,8.4,7.91,16.31,ford
1975-10,8.4,7.44,15.84,ford
1975-11,8.3,7.38,15.68,ford
1975-12,8.2,6.94,15.14,ford
1976-01,7.9,6.72,14.62,ford
1976-02,7.7,6.29,13.99,ford
1976-03,7.6,6.07,13.67,ford
1976-04,7.7,6.05,13.75,ford
1976-05,7.4,6.2,13.6,ford
1976-06,7.6,5.97,13.57,ford
1976-07,7.8,5.35,13.15,ford
1976-08,7.8,5.71,13.51,ford
1976-09,7.6,5.49,13.09,ford
1976-10,7.7,5.46,13.16,ford
1976-11,7.8,4.88,12.68,ford
1976-12,7.8,4.86,12.66,ford
1977-01,7.5,5.22,12.72,carter
1977-02,7.6,5.91,13.51,carter
1977-03,7.4,6.44,13.84,carter
1977-04,7.2,6.95,14.15,carter
1977-05,7,6.73,13.73,carter
1977-06,7.2,6.87,14.07,carter
1977-07,6.9,6.83,13.73,carter
1977-08,7,6.62,13.62,carter
1977-09,6.8,6.6,13.4,carter
1977-10,6.8,6.39,13.19,carter
1977-11,6.8,6.72,13.52,carter
1977-12,6.4,6.7,13.1,carter
1978-01,6.4,6.84,13.24,carter
1978-02,6.3,6.43,12.73,carter
1978-03,6.3,6.55,12.85,carter
1978-04,6.1,6.5,12.6,carter
1978-05,6,6.97,12.97,carter
1978-06,5.9,7.41,13.31,carter
1978-07,6.2,7.7,13.9,carter
1978-08,5.9,7.84,13.74,carter
1978-09,6,8.31,14.31,carter
1978-10,5.8,8.93,14.73,carter
1978-11,5.9,8.89,14.79,carter
1978-12,6,9.02,15.02,carter
1979-01,5.9,9.28,15.18,carter
1979-02,5.9,9.86,15.76,carter
1979-03,5.8,10.09,15.89,carter
1979-04,5.8,10.49,16.29,carter
1979-05,5.6,10.85,16.45,carter
1979-06,5.7,10.89,16.59,carter
1979-07,5.7,11.26,16.96,carter
1979-08,6,11.82,17.82,carter
1979-09,5.9,12.18,18.08,carter
1979-10,6,12.07,18.07,carter
1979-11,5.9,12.61,18.51,carter
1979-12,6,13.29,19.29,carter
1980-01,6.3,13.91,20.21,carter
1980-02,6.3,14.18,20.48,carter
1980-03,6.3,14.76,21.06,carter
1980-04,6.9,14.73,21.63,carter
1980-05,7.5,14.41,21.91,carter
1980-06,7.6,14.38,21.98,carter
1980-07,7.8,13.13,20.93,carter
1980-08,7.7,12.87,20.57,carter
1980-09,7.5,12.6,20.1,carter
1980-10,7.5,12.77,20.27,carter
1980-11,7.5,12.65,20.15,carter
1980-12,7.2,12.52,19.72,carter
1981-01,7.5,11.83,19.33,reagan
1981-02,7.4,11.41,18.81,reagan
1981-03,7.4,10.49,17.89,reagan
1981-04,7.2,10,17.2,reagan
1981-05,7.5,9.78,17.28,reagan
1981-06,7.5,9.55,17.05,reagan
1981-07,7.2,10.76,17.96,reagan
1981-08,7.4,10.8,18.2,reagan
1981-09,7.6,10.95,18.55,reagan
1981-10,7.9,10.14,18.04,reagan
1981-11,8.3,9.59,17.89,reagan
1981-12,8.5,8.92,17.42,reagan
1982-01,8.6,8.39,16.99,reagan
1982-02,8.9,7.62,16.52,reagan
1982-03,9,6.78,15.78,reagan
1982-04,9.3,6.51,15.81,reagan
1982-05,9.4,6.68,16.08,reagan
1982-06,9.6,7.06,16.66,reagan
1982-07,9.8,6.44,16.24,reagan
1982-08,9.8,5.85,15.65,reagan
1982-09,10.1,5.04,15.14,reagan
1982-10,10.4,5.14,15.54,reagan
1982-11,10.8,4.59,15.39,reagan
1982-12,10.8,3.83,14.63,reagan
1983-01,10.4,3.71,14.11,reagan
1983-02,10.4,3.49,13.89,reagan
1983-03,10.3,3.6,13.9,reagan
1983-04,10.2,3.9,14.1,reagan
1983-05,10.1,3.55,13.65,reagan
1983-06,10.1,2.58,12.68,reagan
1983-07,9.4,2.46,11.86,reagan
1983-08,9.5,2.56,12.06,reagan
1983-09,9.2,2.86,12.06,reagan
1983-10,8.8,2.85,11.65,reagan
1983-11,8.5,3.27,11.77,reagan
1983-12,8.3,3.79,12.09,reagan
1984-01,8,4.19,12.19,reagan
1984-02,7.8,4.6,12.4,reagan
1984-03,7.8,4.8,12.6,reagan
1984-04,7.7,4.56,12.26,reagan
1984-05,7.4,4.23,11.63,reagan
1984-06,7.2,4.22,11.42,reagan
1984-07,7.5,4.2,11.7,reagan
1984-08,7.5,4.29,11.79,reagan
1984-09,7.3,4.27,11.57,reagan
1984-10,7.4,4.26,11.66,reagan
1984-11,7.2,4.05,11.25,reagan
1984-12,7.3,3.95,11.25,reagan
1985-01,7.3,3.53,10.83,reagan
1985-02,7.2,3.52,10.72,reagan
1985-03,7.2,3.7,10.9,reagan
1985-04,7.3,3.69,10.99,reagan
1985-05,7.2,3.77,10.97,reagan
1985-06,7.4,3.76,11.16,reagan
1985-07,7.4,3.55,10.95,reagan
1985-08,7.1,3.35,10.45,reagan
1985-09,7.1,3.14,10.24,reagan
1985-10,7.1,3.23,10.33,reagan
1985-11,7,3.51,10.51,reagan
1985-12,7,3.8,10.8,reagan
1986-01,6.7,3.89,10.59,reagan
1986-02,7.2,3.11,10.31,reagan
1986-03,7.2,2.26,9.46,reagan
1986-04,7.1,1.59,8.69,reagan
1986-05,7.2,1.49,8.69,reagan
1986-06,7.2,1.77,8.97,reagan
1986-07,7,1.58,8.58,reagan
1986-08,6.9,1.57,8.47,reagan
1986-09,7,1.75,8.75,reagan
1986-10,7,1.47,8.47,reagan
1986-11,6.9,1.28,8.18,reagan
1986-12,6.6,1.1,7.7,reagan
1987-01,6.6,1.46,8.06,reagan
1987-02,6.6,2.1,8.7,reagan
1987-03,6.6,3.03,9.63,reagan
1987-04,6.3,3.78,10.08,reagan
1987-05,6.3,3.86,10.16,reagan
1987-06,6.2,3.65,9.85,reagan
1987-07,6.1,3.93,10.03,reagan
1987-08,6,4.28,10.28,reagan
1987-09,5.9,4.36,10.26,reagan
1987-10,6,4.53,10.53,reagan
1987-11,5.8,4.53,10.33,reagan
1987-12,5.7,4.43,10.13,reagan
1988-01,5.7,4.05,9.75,reagan
1988-02,5.7,3.94,9.64,reagan
1988-03,5.7,3.93,9.63,reagan
1988-04,5.4,3.9,9.3,reagan
1988-05,5.6,3.89,9.49,reagan
1988-06,5.4,3.96,9.36,reagan
1988-07,5.4,4.13,9.53,reagan
1988-08,5.6,4.02,9.62,reagan
1988-09,5.4,4.17,9.57,reagan
1988-10,5.4,4.25,9.65,reagan
1988-11,5.3,4.25,9.55,reagan
1988-12,5.3,4.42,9.72,reagan
1989-01,5.4,4.67,10.07,bush I
1989-02,5.2,4.83,10.03,bush I
1989-03,5,4.98,9.98,bush I
1989-04,5.2,5.12,10.32,bush I
1989-05,5.2,5.36,10.56,bush I
1989-06,5.3,5.17,10.47,bush I
1989-07,5.2,4.98,10.18,bush I
1989-08,5.2,4.71,9.91,bush I
1989-09,5.3,4.34,9.64,bush I
1989-10,5.3,4.49,9.79,bush I
1989-11,5.4,4.66,10.06,bush I
1989-12,5.4,4.65,10.05,bush I
1990-01,5.4,5.2,10.6,bush I
1990-02,5.3,5.26,10.56,bush I
1990-03,5.2,5.23,10.43,bush I
1990-04,5.4,4.71,10.11,bush I
1990-05,5.4,4.36,9.76,bush I
1990-06,5.2,4.67,9.87,bush I
1990-07,5.5,4.82,10.32,bush I
1990-08,5.7,5.62,11.32,bush I
1990-09,5.9,6.16,12.06,bush I
1990-10,5.9,6.29,12.19,bush I
1990-11,6.2,6.27,12.47,bush I
1990-12,6.3,6.11,12.41,bush I
1991-01,6.4,5.65,12.05,bush I
1991-02,6.6,5.31,11.91,bush I
1991-03,6.8,4.9,11.7,bush I
1991-04,6.7,4.89,11.59,bush I
1991-05,6.9,4.95,11.85,bush I
1991-06,6.9,4.7,11.6,bush I
1991-07,6.8,4.45,11.25,bush I
1991-08,6.9,3.8,10.7,bush I
1991-09,6.9,3.39,10.29,bush I
1991-10,7,2.92,9.92,bush I
1991-11,7,2.99,9.99,bush I
1991-12,7.3,3.06,10.36,bush I
1992-01,7.3,2.6,9.9,bush I
1992-02,7.4,2.82,10.22,bush I
1992-03,7.4,3.19,10.59,bush I
1992-04,7.4,3.18,10.58,bush I
1992-05,7.6,3.02,10.62,bush I
1992-06,7.8,3.09,10.89,bush I
1992-07,7.7,3.16,10.86,bush I
1992-08,7.6,3.15,10.75,bush I
1992-09,7.6,2.99,10.59,bush I
1992-10,7.3,3.2,10.5,bush I
1992-11,7.4,3.05,10.45,bush I
1992-12,7.4,2.9,10.3,bush I
1993-01,7.3,3.26,10.56,clinton
1993-02,7.1,3.25,10.35,clinton
1993-03,7,3.09,10.09,clinton
1993-04,7.1,3.23,10.33,clinton
1993-05,7.1,3.22,10.32,clinton
1993-06,7,3,10,clinton
1993-07,6.9,2.78,9.68,clinton
1993-08,6.8,2.77,9.57,clinton
1993-09,6.7,2.69,9.39,clinton
1993-10,6.8,2.75,9.55,clinton
1993-11,6.6,2.68,9.28,clinton
1993-12,6.5,2.75,9.25,clinton
1994-01,6.6,2.52,9.12,clinton
1994-02,6.6,2.52,9.12,clinton
1994-03,6.5,2.51,9.01,clinton
1994-04,6.4,2.36,8.76,clinton
1994-05,6.1,2.29,8.39,clinton
1994-06,6.1,2.49,8.59,clinton
1994-07,6.1,2.77,8.87,clinton
1994-08,6,2.9,8.9,clinton
1994-09,5.9,2.96,8.86,clinton
1994-10,5.8,2.61,8.41,clinton
1994-11,5.6,2.67,8.27,clinton
1994-12,5.5,2.67,8.17,clinton
1995-01,5.6,2.8,8.4,clinton
1995-02,5.4,2.86,8.26,clinton
1995-03,5.4,2.85,8.25,clinton
1995-04,5.8,3.05,8.85,clinton
1995-05,5.6,3.19,8.79,clinton
1995-06,5.6,3.04,8.64,clinton
1995-07,5.7,2.76,8.46,clinton
1995-08,5.7,2.62,8.32,clinton
1995-09,5.6,2.54,8.14,clinton
1995-10,5.5,2.81,8.31,clinton
1995-11,5.6,2.61,8.21,clinton
1995-12,5.6,2.54,8.14,clinton
1996-01,5.6,2.73,8.33,clinton
1996-02,5.5,2.65,8.15,clinton
1996-03,5.5,2.84,8.34,clinton
1996-04,5.6,2.9,8.5,clinton
1996-05,5.6,2.89,8.49,clinton
1996-06,5.3,2.75,8.05,clinton
1996-07,5.5,2.95,8.45,clinton
1996-08,5.1,2.88,7.98,clinton
1996-09,5.2,3,8.2,clinton
1996-10,5.2,2.99,8.19,clinton
1996-11,5.4,3.26,8.66,clinton
1996-12,5.4,3.32,8.72,clinton
1997-01,5.3,3.04,8.34,clinton
1997-02,5.2,3.03,8.23,clinton
1997-03,5.2,2.76,7.96,clinton
1997-04,5.1,2.5,7.6,clinton
1997-05,4.9,2.23,7.13,clinton
1997-06,5,2.3,7.3,clinton
1997-07,4.9,2.23,7.13,clinton
1997-08,4.8,2.23,7.03,clinton
1997-09,4.9,2.15,7.05,clinton
1997-10,4.7,2.08,6.78,clinton
1997-11,4.6,1.83,6.43,clinton
1997-12,4.7,1.7,6.4,clinton
1998-01,4.6,1.57,6.17,clinton
1998-02,4.6,1.44,6.04,clinton
1998-03,4.7,1.37,6.07,clinton
1998-04,4.3,1.44,5.74,clinton
1998-05,4.4,1.69,6.09,clinton
1998-06,4.5,1.68,6.18,clinton
1998-07,4.5,1.68,6.18,clinton
1998-08,4.5,1.62,6.12,clinton
1998-09,4.6,1.49,6.09,clinton
1998-10,4.5,1.49,5.99,clinton
1998-11,4.4,1.55,5.95,clinton
1998-12,4.4,1.61,6.01,clinton
1999-01,4.3,1.67,5.97,clinton
1999-02,4.4,1.61,6.01,clinton
1999-03,4.2,1.73,5.93,clinton
1999-04,4.3,2.28,6.58,clinton
1999-05,4.2,2.09,6.29,clinton
1999-06,4.3,1.96,6.26,clinton
1999-07,4.3,2.14,6.44,clinton
1999-08,4.2,2.26,6.46,clinton
1999-09,4.2,2.63,6.83,clinton
1999-10,4.1,2.56,6.66,clinton
1999-11,4.1,2.62,6.72,clinton
1999-12,4,2.68,6.68,clinton
2000-01,4,2.74,6.74,clinton
2000-02,4.1,3.22,7.32,clinton
2000-03,4,3.76,7.76,clinton
2000-04,3.8,3.07,6.87,clinton
2000-05,4,3.19,7.19,clinton
2000-06,4,3.73,7.73,clinton
2000-07,4,3.66,7.66,clinton
2000-08,4.1,3.41,7.51,clinton
2000-09,4,3.45,7.45,clinton
2000-10,3.9,3.45,7.35,clinton
2000-11,3.9,3.45,7.35,clinton
2000-12,3.9,3.39,7.29,clinton
2001-01,4.2,3.73,7.93,bush II
2001-02,4.2,3.53,7.73,bush II
2001-03,4.3,2.92,7.22,bush II
2001-04,4.4,3.27,7.67,bush II
2001-05,4.3,3.62,7.92,bush II
2001-06,4.5,3.25,7.75,bush II
2001-07,4.6,2.72,7.32,bush II
2001-08,4.9,2.72,7.62,bush II
2001-09,5,2.65,7.65,bush II
2001-10,5.4,2.13,7.53,bush II
2001-11,5.6,1.9,7.5,bush II
2001-12,5.7,1.55,7.25,bush II
2002-01,5.6,1.14,6.74,bush II
2002-02,5.7,1.14,6.84,bush II
2002-03,5.7,1.48,7.18,bush II
2002-04,5.9,1.64,7.54,bush II
2002-05,5.8,1.18,6.98,bush II
2002-06,5.8,1.07,6.87,bush II
2002-07,5.8,1.46,7.26,bush II
2002-08,5.7,1.8,7.5,bush II
2002-09,5.7,1.51,7.21,bush II
2002-10,5.7,2.03,7.73,bush II
2002-11,5.9,2.2,8.1,bush II
2002-12,6,2.38,8.38,bush II
2003-01,5.8,2.6,8.4,bush II
2003-02,5.9,2.98,8.88,bush II
2003-03,5.8,3.02,8.82,bush II
2003-04,6,2.22,8.22,bush II
2003-05,6.1,2.06,8.16,bush II
2003-06,6.3,2.11,8.41,bush II
2003-07,6.2,2.11,8.31,bush II
2003-08,6.1,2.16,8.26,bush II
2003-09,6.1,2.32,8.42,bush II
2003-10,6,2.04,8.04,bush II
2003-11,5.9,1.77,7.67,bush II
2003-12,5.7,1.88,7.58,bush II
2004-01,5.6,1.93,7.53,bush II
2004-02,5.6,1.69,7.29,bush II
2004-03,5.7,1.74,7.44,bush II
2004-04,5.6,2.29,7.89,bush II
2004-05,5.6,3.05,8.65,bush II
2004-06,5.6,3.27,8.87,bush II
2004-07,5.5,2.99,8.49,bush II
2004-08,5.4,2.65,8.05,bush II
2004-09,5.4,2.54,7.94,bush II
2004-10,5.5,3.19,8.69,bush II
2004-11,5.4,3.52,8.92,bush II
2004-12,5.4,3.26,8.66,bush II
2005-01,5.2,2.97,8.17,bush II
2005-02,5.4,3.01,8.41,bush II
2005-03,5.2,3.15,8.35,bush II
2005-04,5.2,3.51,8.71,bush II
2005-05,5.1,2.8,7.9,bush II
2005-06,5,2.53,7.53,bush II
2005-07,5,3.17,8.17,bush II
2005-08,4.9,3.64,8.54,bush II
2005-09,5.1,4.69,9.79,bush II
2005-10,5,4.35,9.35,bush II
2005-11,5,3.46,8.46,bush II
2005-12,4.9,3.42,8.32,bush II
2006-01,4.7,3.99,8.69,bush II
2006-02,4.8,3.6,8.4,bush II
2006-03,4.7,3.36,8.06,bush II
2006-04,4.7,3.55,8.25,bush II
2006-05,4.6,4.17,8.77,bush II
2006-06,4.6,4.32,8.92,bush II
2006-07,4.8,4.15,8.95,bush II
2006-08,4.7,3.82,8.52,bush II
2006-09,4.6,2.06,6.66,bush II
2006-10,4.4,1.31,5.71,bush II
2006-11,4.5,1.97,6.47,bush II
2006-12,4.5,2.54,7.04,bush II
2007-01,4.6,2.08,6.68,bush II
2007-02,4.5,2.42,6.92,bush II
2007-03,4.4,2.78,7.18,bush II
2007-04,4.5,2.57,7.07,bush II
2007-05,4.5,2.69,7.19,bush II
2007-06,4.5,2.69,7.19,bush II
2007-07,4.6,2.36,6.96,bush II
2007-08,4.6,1.97,6.57,bush II
2007-09,4.7,2.76,7.46,bush II
2007-10,4.7,3.54,8.24,bush II
2007-11,4.7,4.31,9.01,bush II
2007-12,5,4.08,9.08,bush II
2008-01,4.9,4.28,9.18,bush II
2008-02,4.8,4.03,8.83,bush II
2008-03,5.1,3.98,9.08,bush II
2008-04,5,3.94,8.94,bush II
2008-05,5.5,4.18,9.68,bush II
2008-06,5.5,5.02,10.52,bush II
2008-07,5.7,5.6,11.3,bush II
2008-08,6.1,5.37,11.47,bush II
2008-09,6.2,4.94,11.14,bush II
2008-10,6.6,3.66,10.26,bush II
2008-11,6.9,1.07,7.97,bush II
2008-12,7.4,0.09,7.49,bush II
2009-01,7.8,0.03,7.83,obama
2009-02,8.2,0.24,8.44,obama
2009-03,8.6,-0.38,8.22,obama
2009-04,8.9,-0.74,8.16,obama
2009-05,9.4,-1.28,8.12,obama
2009-06,9.5,-1.43,8.07,obama
2009-07,9.4,-2.1,7.3,obama
2009-08,9.7,-1.48,8.22,obama
2009-09,9.8,-1.29,8.51,obama
2009-10,10.1,-0.18,9.92,obama
2009-11,10,1.84,11.84,obama
2009-12,10,2.72,12.72,obama
2010-01,9.7,2.63,12.33,obama
2010-02,9.7,2.14,11.84,obama
2010-03,9.7,2.31,12.01,obama
2010-04,9.9,2.24,12.14,obama
2010-05,9.7,2.02,11.72,obama
2010-06,9.5,1.05,10.55,obama
2010-07,9.5,1.24,10.74,obama
2010-08,9.6,1.15,10.75,obama
2010-09,9.6,1.14,10.74,obama
2010-10,9.6,1.17,10.77,obama
2010-11,9.8,1.14,10.94,obama
2010-12,9.4,1.5,10.9,obama
2011-01,9,1.63,10.63,obama
2011-02,8.9,2.11,11.01,obama
2011-03,8.8,2.68,11.48,obama
2011-04,9,3.16,12.16,obama
2011-05,9.1,3.57,12.67,obama
2011-06,9.2,3.56,12.76,obama
2011-07,9.1,3.63,12.73,obama
2011-08,9.1,3.77,12.73,obama
2011-09,9.1,3.87,12.97,obama
2011-10,9,3.53,12.53,obama
2011-11,8.6,3.39,11.99,obama
2011-12,8.5,2.96,11.46,obama
2012-01,8.3,2.93,11.23,obama
2012-02,8.3,2.87,11.17,obama